{
  "travel_distance": 138.68562500535256,
  "ref_home_bias_history": 134.6837475716461,
  "home_rest_days": 114.01763478035174,
  "away_travel_fatigue": 103.01789658735414,
  "home_ppg_last_3": 102.69917875837952,
  "ref_bias_adjusted_ppg": 102.0262001206297,
  "away_rest_days": 94.01744614801201,
  "home_def_last_3": 89.02539346571064,
  "away_def_last_3": 88.69541979918021,
  "away_goal_diff": 85.3938937390439,
  "away_ppg_last_3": 79.68694874942996,
  "home_ppg_last_10": 75.01746939693983,
  "home_goal_diff": 64.38468167197998,
  "home_travel_advantage": 60.34988621406938,
  "away_momentum": 60.01327891818221,
  "home_momentum": 57.680902482957386,
  "away_ppg_injury_adjusted": 57.01902339844276,
  "h2h_home_win_rate": 54.01279535308375,
  "away_ppg_last_10": 51.014404308597314,
  "home_win_rate": 47.68063892376612,
  "home_def_last_5": 45.01640384413897,
  "away_def_last_5": 44.35397380328434,
  "away_ppg_last_5": 41.68209825922743,
  "home_ppg_injury_adjusted": 38.01684600112969,
  "away_key_injuries": 24.676199030207087,
  "home_ppg_last_5": 18.01502096053075,
  "away_motivation": 14.677010371073143,
  "home_motivation": 13.675955990339345,
  "away_injury_impact": 12.343483262721618,
  "home_key_injuries": 11.00860340184419,
  "weather_home_advantage_modifier": 8.008212668917208,
  "home_injury_impact": 6.00761948435716,
  "away_ppg_away_last_5": 5.681062363775922,
  "home_in_relegation_battle": 3.339517161194968,
  "home_in_title_race": 3.0070727392258223,
  "home_ppg_home_last_5": 2.350962025086824,
  "away_in_title_race": 2.0077643478060145,
  "is_derby": 0.6709724433138042,
  "away_in_relegation_battle": 0.33875650707938915
}