{
  "xgboost": {
    "accuracy": 0.7647058823529411,
    "precision": 0.7586206896551724,
    "recall": 0.6666666666666666,
    "f1_score": 0.7096774193548387,
    "auc_roc": 0.8592824799721351
  },
  "lightgbm": {
    "accuracy": 0.7777777777777778,
    "precision": 0.7758620689655172,
    "recall": 0.6818181818181818,
    "f1_score": 0.7258064516129032,
    "auc_roc": 0.8509230233368165
  },
  "random_forest": {
    "accuracy": 0.7254901960784313,
    "precision": 0.6935483870967742,
    "recall": 0.6515151515151515,
    "f1_score": 0.671875,
    "auc_roc": 0.8166144200626959
  }
}